<?xml version="1.0" encoding="UTF-8"?>
<project-private xmlns="http://www.netbeans.org/ns/project-private/1">
    <editor-bookmarks xmlns="http://www.netbeans.org/ns/editor-bookmarks/2" lastBookmarkId="0"/>
    <open-files xmlns="http://www.netbeans.org/ns/projectui-open-files/2">
        <group>
            <file>file:/C:/Users/windows/Documents/NetBeansProjects/Java_date/src/java_date/Date_Time.java</file>
            <file>file:/C:/Users/windows/Documents/NetBeansProjects/Java_date/src/java_date/Java_date.java</file>
        </group>
    </open-files>
</project-private>
